city,year,weekofyear,week_start_date,ndvi_ne,ndvi_nw,ndvi_se,ndvi_sw,precipitation_amt_mm,reanalysis_air_temp_k,reanalysis_avg_temp_k,reanalysis_dew_point_temp_k,reanalysis_max_air_temp_k,reanalysis_min_air_temp_k,reanalysis_precip_amt_kg_per_m2,reanalysis_relative_humidity_percent,reanalysis_sat_precip_amt_mm,reanalysis_specific_humidity_g_per_kg,reanalysis_tdtr_k,station_avg_temp_c,station_diur_temp_rng_c,station_max_temp_c,station_min_temp_c,station_precip_mm
sj,1990,18,1990-04-30,0.1226,0.103725,0.1984833,0.1776167,12.42,297.572857143,297.742857143,292.414285714,299.8,295.9,32.0,73.3657142857,12.42,14.0128571429,2.62857142857,25.4428571429,6.9,29.4,20.0,16.0
sj,1990,19,1990-05-07,0.1699,0.142175,0.1623571,0.1554857,22.82,298.211428571,298.442857143,293.951428571,300.9,296.4,17.94,77.3685714286,22.82,15.3728571429,2.37142857143,26.7142857143,6.37142857143,31.7,22.2,8.6
sj,1990,20,1990-05-14,0.03225,0.1729667,0.1572,0.1708429,34.54,298.781428571,298.878571429,295.434285714,300.5,297.3,26.1,82.0528571429,34.54,16.8485714286,2.3,26.7142857143,6.48571428571,32.2,22.8,41.4
sj,1990,21,1990-05-21,0.1286333,0.2450667,0.2275571,0.2358857,15.36,298.987142857,299.228571429,295.31,301.4,297.0,13.9,80.3371428571,15.36,16.6728571429,2.42857142857,27.4714285714,6.77142857143,33.3,23.3,4.0
sj,1990,22,1990-05-28,0.1962,0.2622,0.2512,0.24734,7.52,299.518571429,299.664285714,295.821428571,301.9,297.5,12.2,80.46,7.52,17.21,3.01428571429,28.9428571429,9.37142857143,35.0,23.9,5.8
sj,1990,23,1990-06-04,,0.17485,0.2543143,0.1817429,9.58,299.63,299.764285714,295.851428571,302.4,298.1,26.49,79.8914285714,9.58,17.2128571429,2.1,28.1142857143,6.94285714286,34.4,23.9,39.1
sj,1990,24,1990-06-11,0.1129,0.0928,0.2050714,0.2102714,3.48,299.207142857,299.221428571,295.865714286,301.3,297.7,38.6,82.0,3.48,17.2342857143,2.04285714286,27.4142857143,6.77142857143,32.2,23.3,29.7
sj,1990,25,1990-06-18,0.0725,0.0725,0.1514714,0.1330286,151.12,299.591428571,299.528571429,296.531428571,300.6,298.4,30.0,83.3757142857,151.12,17.9771428571,1.57142857143,28.3714285714,7.68571428571,33.9,22.8,21.1
sj,1990,26,1990-06-25,0.10245,0.146175,0.1255714,0.1236,19.32,299.578571429,299.557142857,296.378571429,302.1,297.7,37.51,82.7685714286,19.32,17.79,1.88571428571,28.3285714286,7.38571428571,33.9,22.8,21.1
sj,1990,27,1990-07-02,,0.12155,0.1606833,0.2025667,14.41,300.154285714,300.278571429,296.651428571,302.3,298.7,28.4,81.2814285714,14.41,18.0714285714,2.01428571429,28.3285714286,6.51428571429,33.9,24.4,1.1
sj,1990,28,1990-07-09,0.192875,0.08235,0.1919429,0.1529286,22.27,299.512857143,299.592857143,296.041428571,301.8,298.0,43.72,81.4671428571,22.27,17.4185714286,2.15714285714,27.5571428571,7.15714285714,31.7,21.7,63.7
sj,1990,29,1990-07-16,0.2916,0.2118,0.3012,0.2806667,59.17,299.667142857,299.75,296.334285714,302.0,297.3,40.9,82.1442857143,59.17,17.7371428571,2.41428571429,28.1285714286,6.9,32.8,23.9,12.2
sj,1990,30,1990-07-23,0.1505667,0.1717,0.2269,0.2145571,16.48,299.558571429,299.635714286,295.96,301.8,297.1,42.53,80.7428571429,16.48,17.3414285714,2.07142857143,28.1142857143,6.35714285714,31.7,22.8,32.6
sj,1990,31,1990-07-30,,0.24715,0.3797,0.3813571,32.66,299.862857143,299.95,296.172857143,303.0,298.3,34.6,80.5842857143,32.66,17.5942857143,2.58571428571,28.2428571429,8.08571428571,34.4,22.8,37.6
sj,1990,32,1990-08-06,,0.06433333,0.1644429,0.1388571,28.8,300.391428571,300.478571429,296.532857143,302.5,298.8,20.0,79.65,28.8,17.95,2.32857142857,28.2,7.55714285714,33.3,23.3,11.4
sj,1990,33,1990-08-13,,0.1280333,0.2069571,0.1682429,90.75,299.958571429,299.957142857,297.035714286,302.6,298.5,101.9,84.1785714286,90.75,18.5157142857,1.85714285714,28.0428571429,6.68571428571,32.8,22.8,44.7
sj,1990,34,1990-08-20,0.1902333,0.1688,0.1676571,0.1722857,32.4,300.332857143,300.414285714,296.728571429,302.5,298.1,25.9,80.9471428571,32.4,18.1742857143,2.48571428571,28.3428571429,7.01428571429,33.3,23.3,5.4
sj,1990,35,1990-08-27,0.2529,0.33075,0.2641714,0.2843143,40.94,300.118571429,300.221428571,297.017142857,302.2,298.7,39.8,83.3485714286,40.94,18.5157142857,1.9,28.6571428571,6.52857142857,32.2,24.4,13.7
sj,1990,36,1990-09-03,0.2354,0.200025,0.2838167,0.2304429,28.86,300.53,300.635714286,296.117142857,303.8,298.0,30.4,77.1728571429,28.86,17.56,3.47142857143,28.3285714286,7.61428571429,32.8,23.3,14.2
sj,1990,37,1990-09-10,0.1279667,0.4371,0.1234,0.1482833,64.56,300.674285714,300.792857143,297.192857143,302.9,299.0,24.18,81.5514285714,64.56,18.7771428571,2.9,28.6857142857,8.05714285714,33.9,24.4,25.9
sj,1990,38,1990-09-17,0.19635,0.1824333,0.2548286,0.3056857,143.73,299.857142857,299.9,296.431428571,301.7,298.7,36.6,81.6371428571,143.73,17.8928571429,1.74285714286,28.2428571429,8.11428571429,32.8,23.9,3.3
sj,1990,39,1990-09-24,0.1161,0.2609,0.1994429,0.2442167,51.39,300.427142857,300.6,296.028571429,302.4,299.1,16.4,77.0485714286,51.39,17.4685714286,2.25714285714,28.3428571429,7.72857142857,32.8,24.4,15.8
sj,1990,40,1990-10-01,0.22855,0.18975,0.2124857,0.2011857,31.18,300.775714286,300.85,296.664285714,303.3,299.1,36.1,78.52,31.18,18.18,2.9,28.7714285714,8.02857142857,33.3,23.9,11.7
sj,1990,41,1990-10-08,0.17115,0.06755,0.1794667,0.1577167,51.42,299.857142857,299.942857143,296.928571429,301.8,298.1,132.4,84.11,51.42,18.5128571429,2.57142857143,28.6285714286,7.31428571429,33.3,24.4,57.7
sj,1990,42,1990-10-15,,0.0702,0.1816167,0.16575,143.55,299.195714286,299.307142857,296.544285714,301.5,297.5,279.6,85.6214285714,143.55,18.1157142857,1.87142857143,27.6285714286,7.4,32.8,23.3,61.8
sj,1990,43,1990-10-22,0.1462,0.08975,0.1288286,0.1239286,127.03,298.902857143,299.042857143,296.257142857,300.9,297.2,94.52,85.5028571429,127.03,17.75,1.8,26.7714285714,7.62857142857,32.2,21.7,91.5
sj,1990,44,1990-10-29,0.25225,0.1834333,0.318,0.2959,101.35,299.727142857,299.778571429,296.534285714,301.4,298.5,22.26,82.7871428571,101.35,18.0342857143,1.78571428571,27.9714285714,8.64285714286,33.3,22.8,6.3
sj,1990,45,1990-11-05,0.1526,0.181775,0.1783286,0.1866286,20.46,299.972857143,300.035714286,296.564285714,302.2,298.5,14.4,81.7157142857,20.46,18.0742857143,2.38571428571,28.4714285714,8.42857142857,33.3,23.9,6.6
sj,1990,46,1990-11-12,0.2908,0.2246,0.1803857,0.2348857,20.0,300.35,300.5,295.687142857,302.3,298.8,7.1,75.7285714286,20.0,17.0857142857,2.2,27.5428571429,8.6,32.8,22.2,38.9
sj,1990,47,1990-11-19,0.2722,0.33035,0.1316333,0.1253833,20.04,299.511428571,299.635714286,295.375714286,301.6,297.0,36.7,78.1514285714,20.04,16.7528571429,2.52857142857,26.8,7.41428571429,31.7,22.2,9.6
sj,1990,48,1990-11-26,0.1367667,0.216525,0.1767857,0.1415857,33.61,298.238571429,298.264285714,294.811428571,300.2,296.5,44.3,81.3857142857,33.61,16.2085714286,1.98571428571,26.2,7.12857142857,31.1,20.6,26.7
sj,1990,49,1990-12-03,0.1098,0.0886,0.2667833,0.2517,9.96,298.542857143,298.685714286,294.782857143,300.8,296.7,71.8,79.9085714286,9.96,16.1614285714,2.05714285714,25.9857142857,5.54285714286,29.4,22.2,69.0
sj,1990,50,1990-12-10,0.12135,0.26166,0.1913857,0.2099857,0.0,298.202857143,298.278571429,292.004285714,300.6,296.1,4.1,68.7228571429,0.0,13.6157142857,2.98571428571,24.6857142857,7.77142857143,29.4,19.4,2.8
sj,1990,51,1990-12-17,0.2931333,0.2668667,0.2608571,0.3027286,52.45,298.297142857,298.378571429,294.558571429,300.9,296.0,32.31,80.0828571429,52.45,15.9542857143,2.87142857143,25.7142857143,6.58571428571,30.6,21.1,19.8
sj,1990,52,1990-12-24,0.3025,0.2772333,0.1712667,0.1616222,0.0,298.038571429,298.085714286,292.105714286,299.8,295.3,5.46,69.6814285714,0.0,13.6828571429,2.28571428571,25.1571428571,5.84285714286,28.9,21.1,20.9
sj,1991,1,1991-01-01,0.1465,0.1404667,0.1515,0.1673143,0.0,297.06,297.135714286,291.907142857,299.0,293.9,4.8,72.9385714286,0.0,13.5114285714,2.52857142857,24.3857142857,7.45714285714,29.4,18.9,5.3
sj,1991,2,1991-01-08,,0.1004667,0.2519,0.1376167,15.85,297.674285714,297.828571429,293.282857143,299.3,295.8,26.33,76.6285714286,15.85,14.6714285714,1.88571428571,24.9142857143,6.31428571429,28.3,21.1,31.7
sj,1991,3,1991-01-15,,0.2935667,0.2599429,0.2179,0.0,297.422857143,297.657142857,293.412857143,299.3,296.1,27.4,78.5,0.0,14.7985714286,2.0,25.2428571429,6.57142857143,29.4,21.1,16.5
sj,1991,4,1991-01-22,0.3313,0.3093333,0.2210286,0.2027571,0.0,297.884285714,298.15,292.382857143,300.3,296.0,0.7,71.5971428571,0.0,13.8785714286,2.55714285714,24.7142857143,7.77142857143,29.4,18.3,6.8
sj,1991,5,1991-01-29,0.0917,0.246425,0.2438571,0.1956,0.0,298.044285714,298.228571429,292.572857143,300.1,295.0,5.7,71.7842857143,0.0,14.0442857143,2.77142857143,24.8285714286,8.15714285714,30.0,18.9,5.9
sj,1991,6,1991-02-05,0.3801,0.2285667,0.2550429,0.2258,0.0,297.74,297.928571429,293.15,299.7,295.0,19.69,75.7942857143,0.0,14.5414285714,2.42857142857,25.0571428571,6.88571428571,30.0,20.6,7.3
sj,1991,7,1991-02-12,0.0712,0.2211,0.2762429,0.2673429,18.05,296.884285714,297.114285714,292.972857143,300.2,294.1,21.4,78.8957142857,18.05,14.46,3.2,25.1428571429,8.87142857143,32.2,18.9,5.6
sj,1991,8,1991-02-19,,0.2094,0.1084333,0.1194,0.0,297.414285714,297.614285714,293.631428571,300.1,295.8,26.2,79.74,0.0,15.0357142857,2.57142857143,25.8428571429,8.47142857143,32.2,20.0,17.8
sj,1991,9,1991-02-26,0.1702,0.2086,0.13752,0.1914333,31.79,297.505714286,297.828571429,293.407142857,299.8,295.8,23.8,77.9771428571,31.79,14.7942857143,2.11428571429,25.2571428571,7.2,30.6,20.0,30.7
sj,1991,10,1991-03-05,0.21075,0.2641,0.2476857,0.2163571,0.0,297.777142857,298.078571429,293.531428571,300.3,296.4,8.3,77.3157142857,0.0,14.92,2.24285714286,26.0142857143,8.31428571429,31.1,20.6,10.9
sj,1991,11,1991-03-12,,,0.21325,0.2405429,0.0,297.431428571,297.635714286,293.335714286,300.1,295.7,13.37,78.1385714286,0.0,14.7871428571,2.72857142857,25.9285714286,8.97142857143,31.7,20.6,3.6
sj,1991,12,1991-03-19,0.1279,0.1784,0.1470143,0.1593,0.0,297.407142857,297.614285714,293.254285714,300.4,295.4,11.1,77.8828571429,0.0,14.7457142857,2.54285714286,26.0857142857,6.97142857143,32.2,21.1,5.7
sj,1991,13,1991-03-26,0.28035,0.223575,0.2478833,0.2473857,0.0,297.47,297.692857143,293.74,301.0,295.7,21.26,80.0014285714,0.0,15.1485714286,2.75714285714,26.0571428571,6.58571428571,32.2,22.2,26.9
sj,1991,14,1991-04-02,0.1691,0.216825,0.2605143,0.2219714,12.92,297.064285714,297.185714286,292.48,299.4,295.4,20.9,75.6628571429,12.92,13.9914285714,2.28571428571,25.2428571429,6.81428571429,28.9,20.6,4.1
sj,1991,15,1991-04-09,0.1765,0.2763,0.1845333,0.1773667,6.0,297.372857143,297.657142857,293.615714286,299.2,295.9,19.78,79.6285714286,6.0,14.9928571429,2.62857142857,25.3,6.51428571429,28.9,21.1,18.8
sj,1991,16,1991-04-16,0.0774,0.1024,0.16355,0.2061667,44.57,297.284285714,297.392857143,292.17,298.9,296.0,21.9,73.3514285714,44.57,13.7328571429,2.01428571429,25.5142857143,6.27142857143,29.4,21.1,19.4
sj,1991,17,1991-04-23,,0.18845,0.1883143,0.2249429,32.72,298.074285714,298.235714286,294.028571429,299.6,296.7,19.7,78.4471428571,32.72,15.4614285714,2.3,26.5285714286,8.01428571429,32.8,21.7,3.5
sj,1991,18,1991-04-30,0.2091667,0.160575,0.1761714,0.1761714,0.0,298.831428571,299.071428571,294.97,301.0,297.1,8.38,79.36,0.0,16.3142857143,2.8,27.3142857143,7.71428571429,32.2,22.8,2.8
sj,1991,19,1991-05-07,0.11595,0.180175,0.1063857,0.1111857,35.38,298.638571429,298.721428571,294.812857143,300.9,297.2,20.6,79.5414285714,35.38,16.1857142857,2.41428571429,26.9285714286,6.92857142857,31.7,22.8,40.2
sj,1991,20,1991-05-14,,0.10455,0.15115,0.0964,4.16,298.325714286,298.407142857,294.618571429,300.1,296.6,35.37,80.0671428571,4.16,15.9742857143,2.5,26.5285714286,6.58571428571,30.6,22.8,32.8
sj,1991,21,1991-05-21,0.0669,0.1335667,0.09711667,0.1356,51.16,298.584285714,298.457142857,295.124285714,300.4,297.0,59.3,81.3014285714,51.16,16.5014285714,1.85714285714,27.3857142857,6.7,31.7,22.8,3.6
sj,1991,22,1991-05-28,0.1401,0.1594667,0.2143167,0.2571,55.37,298.808571429,298.885714286,295.274285714,301.1,297.3,43.4,81.0885714286,55.37,16.6457142857,2.14285714286,27.9428571429,7.01428571429,33.3,23.3,5.6
sj,1991,23,1991-06-04,0.08585,0.087,0.1196,0.1659286,8.08,299.518571429,299.75,294.925714286,301.6,297.4,5.0,76.0742857143,8.08,16.3242857143,2.87142857143,28.0714285714,7.5,33.3,23.3,20.6
sj,1991,24,1991-06-11,0.1091,0.1564667,0.1734286,0.1739714,6.09,299.891428571,300.071428571,295.492857143,301.8,298.4,5.82,77.0357142857,6.09,16.8828571429,2.4,28.2285714286,7.97142857143,33.9,23.9,9.4
sj,1991,25,1991-06-18,0.0596,0.09235,0.1301286,0.1306429,44.25,299.775714286,299.971428571,296.3,301.9,298.4,17.0,81.4214285714,44.25,17.7042857143,2.17142857143,28.9285714286,7.14285714286,33.9,25.0,3.3
sj,1991,26,1991-06-25,0.07965,0.122,0.1851143,0.1582429,73.76,299.41,299.478571429,296.228571429,302.5,297.7,37.8,82.7457142857,73.76,17.6285714286,2.04285714286,27.9142857143,7.4,32.8,22.8,12.4
sj,1991,27,1991-07-02,,0.1779333,0.2015286,0.1981571,26.7,299.371428571,299.385714286,295.945714286,302.4,297.4,51.99,81.6942857143,26.7,17.3528571429,2.14285714286,28.3714285714,6.6,32.8,23.9,24.7
sj,1991,28,1991-07-09,0.0969,,0.13805,0.1679167,6.13,300.001428571,300.171428571,295.791428571,302.1,297.9,18.7,77.8771428571,6.13,17.1514285714,2.42857142857,28.4142857143,6.67142857143,32.8,24.4,4.6
sj,1991,29,1991-07-16,,0.07733333,0.09982857,0.1166429,29.67,300.234285714,300.342857143,296.081428571,302.2,298.6,23.6,78.2414285714,29.67,17.4728571429,2.42857142857,28.8,6.91428571429,33.9,23.9,12.2
sj,1991,30,1991-07-23,0.0801,0.00805,0.1380333,0.1290667,56.58,299.808571429,299.978571429,296.332857143,302.1,298.2,27.4,81.4828571429,56.58,17.7342857143,2.24285714286,28.0,5.88571428571,32.8,24.4,43.1
sj,1991,31,1991-07-30,,,0.1906429,0.1593286,48.41,299.852857143,299.964285714,296.478571429,302.0,298.3,34.39,81.8971428571,48.41,17.8785714286,2.3,28.5714285714,6.34285714286,33.3,25.0,18.0
sj,1991,32,1991-08-06,0.07315,0.1124,0.1925857,0.2093571,13.29,299.831428571,299.864285714,296.468571429,301.8,298.1,31.5,81.96,13.29,17.8957142857,2.24285714286,28.5,6.51428571429,32.8,24.4,12.5
sj,1991,33,1991-08-13,0.0593,,0.1551,0.1567,0.0,300.42,300.65,296.484285714,302.8,298.7,20.4,79.1971428571,0.0,17.9114285714,2.18571428571,29.4285714286,5.47142857143,33.3,25.6,3.3
sj,1991,34,1991-08-20,0.0569,0.09814,0.1285143,0.1437286,51.88,300.311428571,300.385714286,296.581428571,302.6,298.3,25.47,80.2557142857,51.88,18.0114285714,2.4,29.2714285714,7.51428571429,34.4,24.4,1.5
sj,1991,35,1991-08-27,0.0693,0.05705,0.22504,0.1864,55.2,300.117142857,300.2,296.67,302.3,298.6,23.8,81.5942857143,55.2,18.0914285714,2.37142857143,28.1571428571,7.0,32.2,23.9,10.7
sj,1991,36,1991-09-03,0.10805,0.091675,0.1398,0.1624143,65.9,300.105714286,300.15,296.798571429,302.3,298.4,42.33,82.31,65.9,18.2628571429,2.12857142857,28.9428571429,7.54285714286,34.4,24.4,27.2
sj,1991,37,1991-09-10,0.10475,0.1598333,0.11208,0.1446429,33.56,300.54,300.635714286,296.451428571,302.8,298.7,11.4,78.6271428571,33.56,17.8957142857,3.04285714286,28.9714285714,7.7,33.9,23.3,61.0
sj,1991,38,1991-09-17,0.1098,0.1527333,0.1685714,0.1688714,29.53,300.527142857,300.6,296.901428571,303.0,298.8,28.8,80.8771428571,29.53,18.4,2.45714285714,28.9142857143,6.8,33.3,24.4,7.9
sj,1991,39,1991-09-24,0.1676,0.1489,0.1714286,0.2181429,73.55,300.06,300.05,296.59,302.4,298.2,77.5,81.4242857143,73.55,18.0442857143,2.07142857143,28.1428571429,6.68571428571,32.8,24.4,31.8
sj,1991,40,1991-10-01,0.1291,0.16672,0.177,0.1955571,31.68,299.65,299.692857143,296.397142857,301.6,298.3,60.0,82.4857142857,31.68,17.85,2.04285714286,27.7428571429,6.91428571429,32.8,23.3,26.5
sj,1991,41,1991-10-08,0.093,0.093,0.1450833,0.1681667,32.1,299.562857143,299.671428571,295.887142857,302.0,297.6,55.1,80.5157142857,32.1,17.3442857143,2.25714285714,27.6571428571,6.61428571429,31.7,22.8,8.3
sj,1991,42,1991-10-15,0.0137,0.12886,0.1090429,0.1070286,3.29,299.897142857,299.921428571,296.018571429,302.0,298.1,31.19,79.3828571429,3.29,17.4314285714,2.3,28.5428571429,7.62857142857,33.9,24.4,21.3
sj,1991,43,1991-10-22,0.1944,0.1186,0.1808143,0.1998714,50.24,299.891428571,299.992857143,295.455714286,302.0,298.0,12.6,76.7771428571,50.24,16.85,2.81428571429,27.8285714286,7.08571428571,32.8,23.3,3.5
sj,1991,44,1991-10-29,0.094,0.09665,0.1255667,0.1213167,72.61,299.905714286,299.992857143,295.918571429,302.4,298.1,26.83,78.9871428571,72.61,17.3757142857,3.04285714286,28.1142857143,7.25714285714,32.8,24.4,4.8
sj,1991,45,1991-11-05,0.0544,0.05475,0.1121333,0.1193857,42.92,299.09,299.278571429,295.567142857,302.6,297.3,74.83,81.0585714286,42.92,16.9671428571,2.9,27.1857142857,6.75714285714,32.2,22.8,41.4
sj,1991,46,1991-11-12,0.0954,0.1114,0.1949429,0.1980571,78.73,298.685714286,298.785714286,295.615714286,301.0,297.4,72.7,83.5142857143,78.73,17.0614285714,1.97142857143,26.6571428571,6.74285714286,31.1,22.2,28.2
sj,1991,47,1991-11-19,0.00825,0.028425,0.1387429,0.1796429,0.0,298.698571429,298.707142857,294.03,300.8,297.1,15.1,75.5485714286,0.0,15.46,2.27142857143,26.3142857143,6.81428571429,30.0,22.2,9.4
sj,1991,48,1991-11-26,0.08786667,0.1519,0.1796286,0.1661857,35.34,298.375714286,298.5,294.938571429,301.1,296.9,78.43,81.4857142857,35.34,16.3228571429,2.02857142857,26.2714285714,6.58571428571,30.0,22.2,76.2
sj,1991,49,1991-12-03,0.0802,0.14025,0.1336286,0.1344571,0.0,298.642857143,298.842857143,294.974285714,300.5,297.7,35.1,80.2757142857,0.0,16.34,1.8,26.7285714286,6.05714285714,30.6,23.3,19.6
sj,1991,50,1991-12-10,-0.02665,0.2128,0.2224143,0.2289429,0.0,298.518571429,298.592857143,294.514285714,300.2,297.3,26.8,78.6214285714,0.0,15.8842857143,2.01428571429,25.6142857143,5.85714285714,29.4,21.7,34.2
sj,1991,51,1991-12-17,,0.04613333,0.1144,0.04045714,0.0,298.084285714,298.135714286,292.865714286,299.6,296.6,8.76,72.8614285714,0.0,14.3357142857,2.07142857143,25.0,6.15714285714,28.9,20.6,6.1
sj,1991,52,1991-12-24,0.12355,0.1237,0.1379333,0.1297556,0.0,296.521428571,296.507142857,292.045714286,299.2,294.3,19.3,76.1271428571,0.0,13.6357142857,2.21428571429,24.3571428571,6.18571428571,28.3,19.4,13.7
sj,1992,1,1992-01-01,0.1251,0.1578667,0.1852833,0.1813667,,,,,,,,,,,,,,,,
sj,1992,2,1992-01-08,0.1008333,0.073575,0.1387143,0.1127857,200.85,297.912857143,298.121428571,294.457142857,300.4,296.1,18.3,81.3,200.85,15.8785714286,2.3,25.6571428571,7.5,30.6,20.6,58.2
sj,1992,3,1992-01-15,0.2224,0.2299,0.1984571,0.1994143,3.12,297.338571429,297.485714286,294.467142857,300.2,295.6,19.8,84.1171428571,3.12,15.8328571429,1.85714285714,25.4714285714,6.17142857143,31.1,21.7,32.3
sj,1992,4,1992-01-22,0.1225333,0.13105,0.1888429,0.1688714,0.0,297.091428571,297.335714286,293.021428571,299.5,295.6,5.11,78.2914285714,0.0,14.4828571429,2.35714285714,24.8571428571,7.44285714286,30.6,20.0,1.3
sj,1992,5,1992-01-29,,0.0483,0.1736714,0.1919286,0.0,297.42,297.55,292.718571429,299.3,295.5,6.5,75.22,0.0,14.1857142857,2.44285714286,24.8,6.58571428571,28.9,20.0,9.2
sj,1992,6,1992-02-05,0.1016,0.0846,0.1117167,0.1879571,0.0,296.92,297.128571429,292.617142857,300.7,294.5,16.2,77.0585714286,0.0,14.1228571429,3.4,24.7142857143,7.35714285714,30.6,20.0,3.0
sj,1992,7,1992-02-12,,0.1305,0.1957429,0.1788571,,297.798571429,298.057142857,294.65,300.2,295.3,20.1,82.8757142857,,16.06,2.2,26.0285714286,6.57142857143,32.2,20.0,1.3
sj,1992,8,1992-02-19,,0.1844667,0.1946143,0.2030571,,297.898571429,298.107142857,293.628571429,300.1,296.3,4.4,77.2957142857,,15.0128571429,2.58571428571,25.7571428571,7.38571428571,33.9,21.7,8.9
sj,1992,9,1992-02-26,0.10705,0.0815,0.1652429,0.1630571,,297.472857143,297.678571429,292.967142857,299.3,296.3,14.4,76.0371428571,,14.3814285714,2.41428571429,25.2857142857,6.17142857143,29.4,21.7,16.0
sj,1992,10,1992-03-04,,0.18218,0.1910857,0.1928571,0.0,297.651428571,297.8,293.317142857,299.8,295.7,5.5,76.8785714286,0.0,14.7014285714,2.31428571429,25.6571428571,7.81428571429,31.1,20.6,2.9
sj,1992,11,1992-03-11,0.08685,0.09015,0.128,0.1551,23.22,297.634285714,297.785714286,293.54,299.6,296.1,12.6,78.0571428571,23.22,14.9442857143,2.51428571429,25.7857142857,7.75714285714,31.7,21.7,5.9
sj,1992,12,1992-03-18,0.05305,0.08405,0.1417714,0.1345143,0.0,297.947142857,298.15,293.708571429,300.4,295.5,3.56,77.5057142857,0.0,15.1357142857,2.7,26.1,7.85714285714,31.1,21.7,4.8
sj,1992,13,1992-03-25,,,0.1348429,0.1068,0.0,297.218571429,297.428571429,293.578571429,300.3,295.8,21.0,80.2385714286,0.0,14.9685714286,2.8,26.2,5.71428571429,32.2,22.2,2.3
sj,1992,14,1992-04-01,0.09995,0.07765,0.1930667,0.1769,122.27,297.982857143,298.071428571,293.884285714,300.2,296.0,16.2,78.0671428571,122.27,15.2642857143,2.74285714286,26.2285714286,7.52857142857,31.1,21.7,24.1
sj,1992,15,1992-04-08,0.1039,0.1315,0.1224714,0.1243857,43.21,298.682857143,298.878571429,294.195714286,301.6,295.9,11.1,76.3757142857,43.21,15.6128571429,3.61428571429,26.9857142857,7.84285714286,32.8,21.7,0.0
sj,1992,16,1992-04-15,0.07515,0.09743333,0.1590286,0.1729857,83.11,297.831428571,298.0,294.942857143,300.4,296.6,70.6,84.1842857143,83.11,16.3242857143,2.14285714286,26.8142857143,5.88571428571,31.7,22.8,24.5
sj,1992,17,1992-04-22,0.0922,0.1137,0.1514143,0.1548286,36.16,298.088571429,298.257142857,294.048571429,300.6,296.5,25.8,78.4257142857,36.16,15.4528571429,2.82857142857,26.6714285714,7.24285714286,31.7,22.2,4.6
sj,1992,18,1992-04-29,0.0125,0.0635,0.07031429,0.08944286,0.0,298.197142857,298.521428571,293.4,302.1,295.6,4.0,74.9328571429,0.0,14.9,3.61428571429,27.3714285714,6.5,33.9,23.3,1.6
sj,1992,19,1992-05-06,0.10875,0.2169,0.1823286,0.2073571,13.92,298.335714286,298.442857143,294.221428571,302.1,296.0,45.0,78.48,13.92,15.75,3.0,26.7857142857,6.91428571429,33.9,22.2,32.0
sj,1992,20,1992-05-13,0.101875,-0.0088,0.1420667,0.1259,2.94,298.334285714,298.514285714,294.275714286,300.4,296.4,27.5,78.3814285714,2.94,15.6871428571,2.22857142857,27.4428571429,5.95714285714,31.1,22.8,8.1
sj,1992,21,1992-05-20,0.1024,0.0686,0.06238333,0.0574,71.85,298.408571429,298.557142857,295.767142857,301.0,296.8,570.5,85.6471428571,71.85,17.2328571429,2.71428571429,27.8571428571,6.77142857143,32.8,23.3,22.1
sj,1992,22,1992-05-27,0.1215,,0.2191571,0.2130143,186.25,298.615714286,298.75,296.334285714,301.4,297.0,130.3,87.3014285714,186.25,17.8328571429,2.35714285714,27.4285714286,5.95714285714,31.7,23.9,80.2
sj,1992,23,1992-06-03,0.12165,0.13995,0.1100857,0.1022286,42.24,299.104285714,299.228571429,296.522857143,301.0,297.8,50.0,85.8271428571,42.24,17.9957142857,2.11428571429,27.5,6.91428571429,31.7,22.8,103.9
sj,1992,24,1992-06-10,0.08395,0.0856,0.1023714,0.1117714,43.21,298.901428571,298.964285714,296.154285714,300.5,297.6,43.8,84.87,43.21,17.57,1.98571428571,28.2,6.87142857143,32.8,24.4,102.4
sj,1992,25,1992-06-17,0.10445,0.15315,0.1811571,0.1920857,52.07,298.931428571,298.957142857,296.042857143,301.0,297.0,37.1,84.2485714286,52.07,17.4414285714,2.0,28.2857142857,6.74285714286,32.8,24.4,29.8
sj,1992,26,1992-06-24,0.1302,0.1302,0.13938,0.11475,52.96,299.568571429,299.55,296.384285714,301.8,298.0,33.7,82.7771428571,52.96,17.8071428571,1.72857142857,28.4857142857,7.02857142857,32.8,23.9,5.4
sj,1992,27,1992-07-01,0.1194,0.1439,0.1693286,0.1684714,10.74,300.177142857,300.378571429,296.275714286,301.8,298.3,10.0,79.3342857143,10.74,17.6671428571,2.27142857143,29.2285714286,6.64285714286,33.3,25.6,3.1
sj,1992,28,1992-07-08,,0.192,0.1468571,0.1530714,1.86,300.285714286,300.564285714,296.198571429,302.2,298.7,5.4,78.4971428571,1.86,17.5685714286,2.78571428571,28.7285714286,6.61428571429,32.8,24.4,1.8
sj,1992,29,1992-07-15,0.112,0.1255,0.14214,0.1825333,94.14,299.79,299.828571429,296.052857143,301.8,298.0,46.1,80.15,94.14,17.43,2.0,27.6285714286,6.04285714286,31.7,23.9,45.2
sj,1992,30,1992-07-22,-0.1396,0.05918,0.1371286,0.1288714,33.51,299.227142857,299.371428571,295.875714286,301.1,298.0,69.04,81.9842857143,33.51,17.2485714286,2.02857142857,27.5571428571,6.85714285714,31.7,23.3,41.0
sj,1992,31,1992-07-29,0.0539,0.1261333,0.1337714,0.1499143,31.12,299.025714286,299.107142857,295.745714286,300.8,297.7,58.8,82.3457142857,31.12,17.1142857143,1.81428571429,27.9714285714,6.92857142857,32.2,22.8,14.2
sj,1992,32,1992-08-05,0.152675,0.173275,0.1500429,0.1450571,59.22,299.755714286,299.914285714,296.158571429,301.5,297.6,27.1,80.7842857143,59.22,17.5471428571,2.42857142857,28.0714285714,6.1,31.7,23.3,16.6
sj,1992,33,1992-08-12,0.16395,0.12665,0.2150571,0.2192714,65.55,299.215714286,299.221428571,296.007142857,301.3,297.8,81.8,82.75,65.55,17.4157142857,1.95714285714,27.6714285714,7.55714285714,31.7,22.8,41.9
sj,1992,34,1992-08-19,0.1146,0.1368,0.1855857,0.1925714,68.22,299.491428571,299.735714286,296.214285714,301.9,298.3,61.6,82.3171428571,68.22,17.6014285714,2.24285714286,28.2142857143,6.92857142857,33.9,24.4,42.7
sj,1992,35,1992-08-26,0.0875,0.0817,0.1799429,0.2217571,27.7,300.067142857,300.157142857,296.057142857,302.2,298.1,28.9,78.8642857143,27.7,17.4585714286,2.42857142857,28.2714285714,6.82857142857,32.2,23.9,3.1
sj,1992,36,1992-09-02,,0.2175,0.1240143,0.1256571,61.55,300.108571429,300.157142857,296.175714286,302.0,298.4,34.36,79.2042857143,61.55,17.5642857143,2.2,28.7285714286,7.48571428571,34.4,24.4,6.5
sj,1992,37,1992-09-09,0.123975,0.1768,0.2357429,0.2148286,21.34,299.727142857,299.757142857,295.937142857,302.2,298.2,87.2,79.93,21.34,17.3528571429,2.02857142857,28.0285714286,6.54285714286,32.2,23.9,23.6
sj,1992,38,1992-09-16,0.0519,0.07226667,0.1775714,0.1588143,41.32,299.978571429,300.071428571,296.111428571,302.2,298.4,32.6,79.5257142857,41.32,17.5414285714,2.34285714286,28.1428571429,7.08571428571,32.8,23.9,28.9
sj,1992,39,1992-09-23,0.1435,0.1435,0.1984,0.2122714,95.55,299.292857143,299.378571429,296.281428571,301.4,297.9,116.79,83.7,95.55,17.7514285714,2.04285714286,27.5571428571,7.24285714286,32.8,23.3,60.9
sj,1992,40,1992-09-30,0.1972,0.12715,0.1581333,0.09435,97.7,299.624285714,299.707142857,296.13,302.3,297.6,34.2,81.2971428571,97.7,17.6042857143,2.3,27.9714285714,7.22857142857,33.3,23.3,22.6
sj,1992,41,1992-10-07,0.137225,0.10745,0.1771857,0.1911,23.1,300.267142857,300.328571429,296.424285714,302.8,298.3,19.4,79.7371428571,23.1,17.8971428571,3.25714285714,28.8857142857,7.8,35.0,23.9,0.0
sj,1992,42,1992-10-14,0.3371,0.1979,0.1945857,0.1832286,18.95,300.118571429,300.228571429,295.892857143,302.6,297.7,11.3,77.8342857143,18.95,17.3085714286,2.97142857143,29.1571428571,7.11428571429,33.3,25.0,8.0
sj,1992,43,1992-10-21,-0.0156,0.0312,0.1042167,0.1129833,12.18,299.848571429,299.914285714,295.645714286,301.6,298.4,21.5,77.8757142857,12.18,17.0442857143,2.51428571429,28.6571428571,7.45714285714,32.8,23.9,11.9
sj,1992,44,1992-10-28,0.1242,0.1254,0.1156,0.1124286,80.58,299.802857143,299.842857143,295.805714286,302.3,297.0,25.0,78.91,80.58,17.2471428571,3.02857142857,28.6714285714,7.28571428571,33.3,23.9,18.6
sj,1992,45,1992-11-04,0.0866,0.1209667,0.2244429,0.2498571,64.0,299.807142857,299.85,296.27,301.5,298.5,27.7,81.0528571429,64.0,17.73,2.07142857143,28.3857142857,7.7,33.3,22.2,14.2
sj,1992,46,1992-11-11,0.118,0.1422,0.08945,0.0668,40.06,299.041428571,299.207142857,295.074285714,300.9,297.4,31.72,79.0128571429,40.06,16.4814285714,2.41428571429,27.5428571429,6.84285714286,31.7,22.8,161.0
sj,1992,47,1992-11-18,0.0764,0.05613333,0.1343714,0.06401429,43.44,298.342857143,298.285714286,294.652857143,300.6,296.6,49.97,80.2557142857,43.44,16.0671428571,1.82857142857,26.6857142857,7.0,31.1,22.2,26.1
sj,1992,48,1992-11-25,0.0971,0.1026333,0.1617143,0.1198286,47.42,298.664285714,298.742857143,296.041428571,301.1,296.9,128.1,85.5871428571,47.42,17.5285714286,2.0,27.4,6.77142857143,32.8,23.3,46.3
sj,1992,49,1992-12-02,0.1083,0.074125,0.1750667,0.15275,53.73,298.46,298.55,295.252857143,300.6,297.0,54.8,82.6485714286,53.73,16.6785714286,1.92857142857,26.6285714286,7.24285714286,31.1,22.2,62.6
sj,1992,50,1992-12-09,0.0547,0.1099,0.1981571,0.2159667,86.28,298.734285714,298.914285714,294.65,300.5,297.5,19.23,78.3114285714,86.28,16.0242857143,2.11428571429,26.9142857143,7.18571428571,31.1,22.2,9.4
sj,1992,51,1992-12-16,,0.066425,0.1923429,0.1941286,0.0,298.285714286,298.507142857,293.828571429,300.7,296.4,24.94,76.6614285714,0.0,15.2514285714,2.64285714286,26.6857142857,8.38571428571,32.2,21.7,47.5
sj,1992,52,1992-12-23,-0.01008,0.06821667,0.0869,0.0733125,0.0,297.172857143,297.35,292.8,299.1,296.1,23.8,76.7571428571,0.0,14.3242857143,1.92857142857,25.9142857143,6.48571428571,29.4,21.7,5.5
sj,1993,53,1993-01-01,,,,,,,,,,,,,,,,,,,,
sj,1993,1,1993-01-08,0.02835,0.04366667,0.07865714,0.04645714,46.79,297.467142857,297.55,294.15,299.4,296.1,41.9,81.8785714286,46.79,15.52,1.9,25.8714285714,6.5,30.6,21.7,28.0
sj,1993,2,1993-01-15,0.03006667,0.03785,0.1318857,0.1092,0.0,297.331428571,297.342857143,293.068571429,299.2,296.2,27.5,77.1442857143,0.0,14.4671428571,1.71428571429,24.5,7.04285714286,28.3,20.6,23.5
sj,1993,3,1993-01-22,,0.11345,0.2260571,0.2200286,0.0,297.401428571,297.628571429,293.075714286,299.5,296.2,11.2,76.9842857143,0.0,14.49,2.2,24.8571428571,7.12857142857,30.0,20.0,6.6
sj,1993,4,1993-01-29,0.06613333,0.05705,0.1303667,0.1473833,0.0,296.967142857,297.128571429,292.841428571,299.2,295.5,21.8,77.8628571429,0.0,14.3071428571,2.08571428571,24.4,6.1,28.9,20.0,15.2
sj,1993,5,1993-02-05,0.047425,0.02253333,0.09238571,0.09468571,75.97,297.624285714,297.685714286,294.032857143,300.4,295.6,26.3,80.61,75.97,15.4528571429,2.08571428571,26.6714285714,7.64285714286,31.7,19.4,9.4
sj,1993,6,1993-02-12,0.2738,0.0558,0.2020857,0.2047857,0.0,296.594285714,296.8,292.871428571,299.7,294.7,14.3,79.8257142857,0.0,14.3857142857,2.34285714286,25.4285714286,6.74285714286,30.0,20.6,2.1
sj,1993,7,1993-02-19,0.1108667,0.173375,0.2375143,0.2274143,14.71,297.76,297.971428571,293.342857143,299.6,296.4,7.2,76.5328571429,14.71,14.7528571429,2.48571428571,26.2714285714,8.1,31.7,20.6,2.8
sj,1993,8,1993-02-26,,0.1339,0.2699286,0.2615857,0.0,296.768571429,296.871428571,292.301428571,300.1,294.6,21.5,76.2171428571,0.0,13.8271428571,2.77142857143,25.7,7.3,32.2,20.6,5.5
sj,1993,9,1993-03-05,0.1744667,0.1338,0.1584833,0.1399167,0.0,297.014285714,297.242857143,291.911428571,299.7,295.2,1.8,73.2257142857,0.0,13.4942857143,2.8,25.5714285714,8.15714285714,30.0,21.1,2.3
sj,1993,10,1993-03-12,0.09403333,0.214,0.2035714,0.2538286,0.0,296.425714286,296.642857143,290.775714286,298.9,294.1,2.7,70.6457142857,0.0,12.5828571429,2.48571428571,24.9,7.61428571429,29.4,19.4,2.5
sj,1993,11,1993-03-19,-0.0411,-0.0436,0.1725333,0.1717714,9.68,297.855714286,298.014285714,293.692857143,300.4,295.5,10.5,77.7842857143,9.68,15.0642857143,2.68571428571,26.9285714286,8.47142857143,33.3,21.1,0.5
sj,1993,12,1993-03-26,0.03225,0.10315,0.1850143,0.2041857,27.0,297.585714286,297.671428571,293.222857143,299.8,296.3,13.0,76.8485714286,27.0,14.6485714286,2.25714285714,26.1428571429,7.52857142857,31.1,20.6,12.8
sj,1993,13,1993-04-02,0.1194,0.08853333,0.1404714,0.1174286,0.0,297.34,297.442857143,293.812857143,299.4,295.7,20.27,80.7957142857,0.0,15.2,2.14285714286,26.8857142857,7.62857142857,32.8,22.2,4.1
sj,1993,14,1993-04-09,,0.0423,0.1903667,0.2082143,7.49,297.745714286,297.892857143,293.752857143,300.1,296.2,14.2,78.5642857143,7.49,15.1628571429,2.35714285714,27.2,7.71428571429,32.8,21.1,4.6
sj,1993,15,1993-04-16,-0.0158,0.01885,0.068,0.0834,19.74,298.012857143,298.0,294.065714286,300.1,295.9,23.2,78.9614285714,19.74,15.5,3.05714285714,27.0714285714,7.78571428571,33.3,22.2,11.7
sj,1993,16,1993-04-23,0.0828,0.0788,0.1334571,0.1317,114.85,297.528571429,297.742857143,294.072857143,300.1,294.5,63.49,81.2714285714,114.85,15.4885714286,2.77142857143,25.8714285714,7.44285714286,31.1,21.7,8.4
sj,1993,17,1993-04-30,,0.09256667,0.1315167,0.1252286,33.35,298.591428571,298.692857143,295.194285714,300.4,297.0,34.3,81.6557142857,33.35,16.5971428571,2.47142857143,27.4857142857,8.38571428571,32.8,22.2,28.3
sj,1993,18,1993-05-07,0.07965,0.06415,0.1547429,0.1291571,37.35,298.152857143,298.185714286,295.26,300.1,296.9,40.7,84.0814285714,37.35,16.6585714286,1.85714285714,26.9428571429,6.27142857143,32.2,22.2,114.3
sj,1993,19,1993-05-14,0.07305,0.052,0.1074857,0.1070286,34.9,297.671428571,297.692857143,294.847142857,300.4,296.1,142.4,84.5214285714,34.9,16.2671428571,2.5,26.4714285714,6.0,31.1,22.8,18.3
sj,1993,20,1993-05-21,0.1769,0.0901,0.1792,0.1866833,14.84,298.604285714,298.721428571,295.324285714,301.2,296.4,55.67,82.4357142857,14.84,16.8571428571,2.21428571429,28.2285714286,7.22857142857,33.9,23.3,4.6
sj,1993,21,1993-05-28,0.01645,0.10485,0.05147143,0.0644,78.17,299.364285714,299.378571429,296.675714286,301.8,297.6,100.2,85.3985714286,78.17,18.1857142857,2.27142857143,28.9428571429,7.22857142857,33.9,23.3,32.1
sj,1993,22,1993-06-04,0.00305,0.0506,0.1981857,0.1761,62.2,298.844285714,298.914285714,296.451428571,301.4,297.3,93.2,86.9,62.2,17.9514285714,1.91428571429,27.6428571429,5.88571428571,31.1,22.8,58.3
sj,1993,23,1993-06-11,0.1206,,0.1537714,0.1484857,8.48,300.658571429,300.735714286,296.978571429,302.8,298.5,20.2,80.6157142857,8.48,18.4914285714,2.64285714286,29.9,7.38571428571,34.4,25.0,1.3
sj,1993,24,1993-06-18,,0.0785,0.2209429,0.2193714,30.65,299.184285714,299.264285714,295.742857143,301.0,297.7,55.5,81.4928571429,30.65,17.13,2.1,27.7285714286,6.78571428571,32.2,23.3,57.9
sj,1993,25,1993-06-25,0.0374,0.1399667,0.1681714,0.1343571,93.75,299.521428571,299.492857143,296.294285714,301.8,297.5,74.0,82.6085714286,93.75,17.7128571429,1.95714285714,27.3428571429,6.97142857143,33.3,22.2,60.4
sj,1993,26,1993-07-02,0.1237667,0.1522,0.2154143,0.2187714,8.49,299.704285714,299.842857143,296.51,301.6,298.2,27.5,82.8328571429,8.49,17.9228571429,2.0,28.8428571429,5.87142857143,32.8,25.0,7.2
sj,1993,27,1993-07-09,0.0689,0.09593333,0.1463429,0.1590429,37.28,299.567142857,299.628571429,296.03,301.6,297.5,72.8,81.1485714286,37.28,17.4071428571,1.88571428571,28.2428571429,6.84285714286,32.8,24.4,21.0
sj,1993,28,1993-07-16,0.0375,0.09203333,0.1833571,0.2203714,73.94,299.584285714,299.707142857,296.055714286,301.9,297.7,67.7,81.2157142857,73.94,17.46,2.5,27.8857142857,6.52857142857,32.2,22.2,92.2
sj,1993,29,1993-07-23,0.1204,0.1826,0.1665857,0.1923714,4.81,299.891428571,299.964285714,295.94,302.0,298.3,29.4,79.15,4.81,17.3171428571,2.47142857143,28.5,7.25714285714,33.3,24.4,13.0
sj,1993,30,1993-07-30,0.08285,0.10608,0.12255,0.1236,78.03,299.237142857,299.264285714,296.592857143,301.3,298.0,109.0,85.5514285714,78.03,18.0342857143,1.75714285714,27.9428571429,6.0,32.2,22.2,71.4
sj,1993,31,1993-08-06,,0.1488,0.2467667,0.2581143,12.38,300.062857143,300.264285714,296.857142857,302.0,298.3,12.6,82.8828571429,12.38,18.3271428571,2.35714285714,29.0285714286,6.58571428571,32.8,24.4,0.8
sj,1993,32,1993-08-13,0.1016,0.1401,0.2187,0.1692571,7.25,300.121428571,300.35,296.561428571,302.0,298.7,21.8,81.0128571429,7.25,17.9885714286,2.32857142857,29.0285714286,6.25714285714,32.8,25.0,18.1
sj,1993,33,1993-08-20,0.0969,0.04966667,0.1970714,0.1632857,106.83,299.67,299.771428571,296.512857143,302.3,297.8,62.7,83.0757142857,106.83,17.9528571429,2.22857142857,29.4142857143,6.42857142857,33.9,24.4,12.7
sj,1993,34,1993-08-27,0.10885,0.24925,0.2105714,0.2159143,1.36,299.918571429,299.985714286,296.49,302.1,297.9,26.9,81.7271428571,1.36,17.9171428571,2.31428571429,28.9714285714,7.61428571429,33.3,24.4,17.1
sj,1993,35,1993-09-03,0.0979,0.1581,0.1638571,0.1509143,30.85,299.975714286,300.035714286,296.107142857,302.0,298.5,34.4,79.6285714286,30.85,17.5271428571,2.18571428571,28.6571428571,7.32857142857,32.8,24.4,28.8
sj,1993,36,1993-09-10,0.1121,0.0688,0.0596,0.05133333,43.26,299.761428571,299.857142857,296.128571429,302.6,298.2,42.1,80.6842857143,43.26,17.5614285714,2.17142857143,28.4285714286,7.88571428571,32.8,23.3,43.4
sj,1993,37,1993-09-17,0.1199,0.0971,0.2044429,0.1865857,14.42,299.672857143,299.785714286,296.291428571,301.9,298.3,50.0,81.7942857143,14.42,17.7042857143,1.94285714286,28.6,7.37142857143,32.8,23.9,23.1
sj,1993,38,1993-09-24,0.0054,0.063525,0.1392833,0.1168857,71.36,300.067142857,300.142857143,296.461428571,302.4,298.2,57.9,80.9014285714,71.36,17.9528571429,2.68571428571,28.1571428571,6.92857142857,32.8,23.3,8.7
sj,1993,39,1993-10-01,0.034,0.0517,0.0726,0.09423333,72.86,299.885714286,299.942857143,296.651428571,302.1,298.4,76.0,82.61,72.86,18.12,2.17142857143,28.2857142857,6.98571428571,32.8,23.9,26.7
sj,1993,40,1993-10-08,0.1213,0.0705,0.1886286,0.1652714,27.62,299.591428571,299.607142857,296.632857143,301.1,298.2,55.36,83.8414285714,27.62,18.1042857143,1.67142857143,28.0142857143,7.5,33.3,23.3,16.8
sj,1993,41,1993-10-15,0.1317,0.0645,0.20515,0.1731857,8.01,299.957142857,300.042857143,296.425714286,301.8,298.7,35.8,81.1028571429,8.01,17.86,1.94285714286,28.4,6.98571428571,32.2,24.4,27.0
sj,1993,42,1993-10-22,0.0129,,0.1347,0.1496857,0.0,300.181428571,300.242857143,296.168571429,302.4,298.0,17.0,78.8071428571,0.0,17.5928571429,2.25714285714,28.2,7.7,33.3,23.9,6.4
sj,1993,43,1993-10-29,0.117,0.1143,0.2702,0.1092667,70.07,299.788571429,299.721428571,296.114285714,301.5,298.1,57.6,80.3985714286,70.07,17.5557142857,1.95714285714,28.0714285714,7.14285714286,32.8,23.9,25.4
sj,1993,44,1993-11-05,,0.1406667,0.1776167,0.1569,0.0,299.885714286,299.921428571,296.007142857,301.9,298.5,16.1,79.5042857143,0.0,17.4414285714,2.3,27.9,7.24285714286,32.8,23.3,4.1
sj,1993,45,1993-11-12,-0.1589,0.0493,0.08248333,0.1696,0.0,299.228571429,299.35,295.298571429,300.9,297.8,25.6,79.0371428571,0.0,16.6628571429,2.27142857143,27.6428571429,7.72857142857,32.8,23.3,6.7
sj,1993,46,1993-11-19,0.17315,0.013825,0.17535,0.1117429,12.5,298.845714286,299.05,295.188571429,301.0,297.5,70.71,80.3771428571,12.5,16.58,1.84285714286,27.1714285714,6.77142857143,31.7,22.8,48.8
sj,1993,47,1993-11-26,0.1071,0.1818,0.2600571,0.2705857,91.81,298.571428571,298.678571429,295.255714286,301.1,296.8,118.1,82.1542857143,91.81,16.6614285714,1.87142857143,26.8857142857,6.6,31.7,22.2,46.4
sj,1993,48,1993-12-03,0.3572667,-0.0095,0.12734,0.08941429,6.09,298.627142857,298.721428571,294.965714286,300.5,297.2,25.7,80.4657142857,6.09,16.4014285714,2.01428571429,26.7857142857,8.34285714286,33.3,21.1,5.5
sj,1993,49,1993-12-10,,,0.1632333,0.08283333,5.29,298.218571429,298.192857143,294.52,300.5,296.6,43.4,80.3028571429,5.29,15.9328571429,2.35714285714,26.5285714286,7.08571428571,30.6,21.1,20.8
sj,1993,50,1993-12-17,-0.2902,-0.06766667,0.1682857,0.08,14.82,298.565714286,298.585714286,294.16,300.8,296.2,28.6,76.8542857143,14.82,15.5714285714,2.45714285714,26.2285714286,7.85714285714,31.1,21.1,7.7
sj,1993,51,1993-12-24,-0.0237,-0.02115,0.1181143,0.07024286,42.62,298.218571429,298.335714286,294.234285714,301.2,296.1,33.6,78.8285714286,42.62,15.65,2.55714285714,26.0428571429,6.82857142857,31.7,21.7,37.6
sj,1994,52,1994-01-01,,,,,5.25,298.527142857,298.778571429,294.401428571,301.0,296.0,3.4,78.0185714286,5.25,15.78,2.44285714286,26.9714285714,8.2,32.8,21.7,0.3
sj,1994,1,1994-01-08,-0.1209,0.0193,0.09498571,0.1785143,12.6,298.191428571,298.285714286,293.585714286,300.1,296.3,19.5,75.7428571429,12.6,14.9514285714,2.05714285714,25.5,6.74285714286,29.4,21.1,41.0
sj,1994,2,1994-01-15,0.1435,0.0974,0.25425,0.21445,0.0,297.59,297.692857143,293.721428571,299.6,296.0,19.4,79.15,0.0,15.0971428571,2.21428571429,25.4571428571,7.27142857143,29.4,21.1,13.4
sj,1994,3,1994-01-22,0.0741,0.1664333,0.151,0.1407143,0.0,297.912857143,297.942857143,293.37,299.7,296.2,16.4,75.9842857143,0.0,14.7757142857,2.11428571429,25.0857142857,7.42857142857,30.0,20.0,26.6
sj,1994,4,1994-01-29,0.0912,-0.1162667,0.1635571,0.1985143,0.0,297.571428571,297.707142857,293.531428571,299.2,296.3,19.04,78.3814285714,0.0,14.9385714286,2.32857142857,25.3285714286,7.04285714286,29.4,20.6,9.7
sj,1994,5,1994-02-05,0.2588,0.2112,0.2200571,0.2156,0.0,297.588571429,297.714285714,293.23,299.8,295.8,21.8,76.8257142857,0.0,14.6342857143,2.2,25.7857142857,7.1,30.0,20.6,3.6
sj,1994,6,1994-02-12,0.0882,0.117,0.0768,0.069175,0.0,297.515714286,297.571428571,292.852857143,299.2,295.9,11.5,75.31,0.0,14.2885714286,1.74285714286,25.2571428571,7.52857142857,29.4,21.1,9.1
sj,1994,7,1994-02-19,0.3633,0.24185,0.2473857,0.2834143,0.0,297.774285714,297.942857143,292.577142857,299.4,295.5,7.2,72.8857142857,0.0,14.02,2.28571428571,25.7,7.15714285714,30.6,21.1,9.7
sj,1994,8,1994-02-26,,0.09243333,0.1377571,0.07407143,0.0,297.455714286,297.564285714,292.672857143,299.3,296.1,11.5,74.7885714286,0.0,14.1571428571,2.35714285714,25.7428571429,8.57142857143,30.6,20.6,7.9
sj,1994,9,1994-03-05,,0.1446,0.17415,0.1530833,0.0,297.235714286,297.335714286,293.128571429,300.1,295.4,16.7,77.9157142857,0.0,14.5585714286,2.5,25.3142857143,8.54285714286,30.6,20.6,16.2
sj,1994,10,1994-03-12,0.1125,0.1038,0.08821429,0.1224143,7.15,297.268571429,297.407142857,293.887142857,299.5,295.5,18.7,81.5185714286,7.15,15.2585714286,2.44285714286,25.8857142857,7.05714285714,31.1,21.7,15.8
sj,1994,11,1994-03-19,0.1468,-0.04815,0.1946833,0.14055,0.0,297.501428571,297.671428571,292.864285714,299.8,295.6,6.69,75.4357142857,0.0,14.3342857143,2.57142857143,25.8428571429,7.95714285714,31.1,21.1,16.8
sj,1994,12,1994-03-26,0.0412,0.1005833,0.1528167,0.1368429,0.0,298.014285714,298.214285714,293.175714286,300.5,295.5,2.9,74.6471428571,0.0,14.6171428571,3.65714285714,26.7285714286,9.91428571429,32.8,20.6,0.0
sj,1994,13,1994-04-02,0.0978,0.15975,0.1270429,0.1195286,46.62,298.281428571,298.464285714,293.532857143,300.1,296.8,6.66,75.0828571429,46.62,14.9457142857,2.47142857143,26.7,8.34285714286,33.3,21.1,1.0
sj,1994,14,1994-04-09,0.108,0.05093333,0.1369286,0.1190286,0.0,298.12,298.314285714,293.151428571,300.0,296.8,4.4,73.9514285714,0.0,14.5471428571,2.4,26.4285714286,7.77142857143,31.1,21.7,2.3
sj,1994,15,1994-04-16,0.16435,0.13325,0.1874286,0.1552429,0.0,297.537142857,297.621428571,293.734285714,299.6,296.0,37.0,79.5171428571,0.0,15.1471428571,2.1,25.9714285714,6.71428571429,30.0,21.1,16.7
sj,1994,16,1994-04-23,,,0.1528286,0.1754571,0.0,297.541428571,297.735714286,292.852857143,299.6,296.3,16.6,75.2471428571,0.0,14.2942857143,2.12857142857,25.9714285714,6.4,30.0,22.2,28.7
sj,1994,17,1994-04-30,0.0805,0.0251,0.09804286,0.09371667,0.0,298.324285714,298.492857143,293.455714286,300.9,296.8,4.9,74.5157142857,0.0,14.8814285714,2.61428571429,26.6714285714,7.78571428571,31.7,22.2,13.2
sj,1994,18,1994-05-07,0.0652,0.08175,0.1644143,0.1321429,68.0,298.927142857,299.092857143,295.235714286,301.1,297.0,14.1,80.3528571429,68.0,16.6214285714,2.67142857143,27.7571428571,7.7,33.3,22.8,10.5
sj,1994,19,1994-05-14,0.1111,0.0974,0.1165143,0.1063143,10.46,298.557142857,298.7,294.924285714,300.5,297.2,21.1,80.4628571429,10.46,16.28,1.94285714286,27.4142857143,6.45714285714,31.7,23.9,3.3
sj,1994,20,1994-05-21,0.0742,0.0177,0.1722429,0.1608286,16.5,298.474285714,298.55,295.384285714,300.6,297.3,28.9,83.1357142857,16.5,16.7671428571,1.81428571429,27.7142857143,8.1,33.3,22.8,29.3
sj,1994,21,1994-05-28,0.1178,0.10975,0.2084714,0.2084857,17.52,299.941428571,300.228571429,296.064285714,302.3,297.7,7.9,79.5028571429,17.52,17.4871428571,2.88571428571,29.1,7.07142857143,33.9,24.4,6.9
sj,1994,22,1994-06-04,0.1097,0.1407,0.2008429,0.1616143,6.59,299.597142857,299.778571429,295.342857143,301.7,297.8,16.7,77.6642857143,6.59,16.7128571429,2.35714285714,28.5714285714,7.31428571429,33.3,23.3,1.6
sj,1994,23,1994-06-11,0.08005,0.06905,0.06161429,0.05854286,42.53,299.327142857,299.535714286,295.642857143,301.3,298.0,21.5,80.3828571429,42.53,17.0157142857,2.47142857143,28.2285714286,7.62857142857,32.8,23.3,67.3
sj,1994,24,1994-06-18,-0.0286,,0.1592833,0.2158429,13.82,299.605714286,299.8,295.491428571,301.6,298.3,3.7,78.2928571429,13.82,16.8314285714,2.4,28.3285714286,6.77142857143,32.8,24.4,5.4
sj,1994,25,1994-06-25,-0.0323,0.04215,0.1387429,0.1391143,38.34,299.5,299.635714286,295.462857143,302.2,298.0,26.51,78.7042857143,38.34,16.8371428571,2.04285714286,28.0714285714,6.6,32.8,23.9,23.4
sj,1994,26,1994-07-02,0.1252667,0.11765,0.1234167,0.1551857,12.67,299.861428571,300.007142857,295.852857143,302.3,298.0,22.9,79.0271428571,12.67,17.2285714286,2.64285714286,28.4,6.75714285714,32.8,23.9,10.2
sj,1994,27,1994-07-09,0.12325,0.2155667,0.217,0.1133429,15.39,299.125714286,299.178571429,295.154285714,301.5,297.9,54.83,78.8057142857,15.39,16.4785714286,1.64285714286,27.9285714286,6.82857142857,32.2,23.9,19.5
sj,1994,28,1994-07-16,0.1396,0.22405,0.1846714,0.1805857,9.77,299.481428571,299.65,295.168571429,301.5,297.9,18.52,77.3028571429,9.77,16.5028571429,2.12857142857,28.1714285714,6.01428571429,32.2,23.9,28.7
sj,1994,29,1994-07-23,0.0424,0.1201667,0.1943429,0.1907429,43.28,299.932857143,300.1,295.562857143,301.7,297.8,9.9,77.1028571429,43.28,16.8828571429,2.34285714286,28.2571428571,6.52857142857,32.8,23.9,9.8
sj,1994,30,1994-07-30,0.183,0.2658,0.1967286,0.1939,2.79,299.977142857,300.128571429,295.237142857,301.5,298.5,3.3,75.4357142857,2.79,16.58,2.45714285714,28.5142857143,7.22857142857,33.3,24.4,1.0
sj,1994,31,1994-08-06,,0.1311,0.1752143,0.1122143,26.96,299.575714286,299.635714286,295.362857143,301.7,297.4,22.9,77.7957142857,26.96,16.7085714286,2.21428571429,28.2571428571,6.98571428571,33.3,23.9,48.5
sj,1994,32,1994-08-13,0.04465,-0.0402,0.05686667,0.02865,30.03,299.518571429,299.678571429,295.465714286,301.5,297.9,12.5,78.5842857143,30.03,16.8314285714,2.35714285714,28.3857142857,7.78571428571,33.3,23.9,3.6
sj,1994,33,1994-08-20,0.06666667,-0.0157,0.1766167,0.22135,17.77,300.01,300.128571429,295.487142857,302.2,298.3,16.6,76.4371428571,17.77,16.8642857143,2.51428571429,28.5142857143,6.77142857143,33.3,24.4,20.4
sj,1994,34,1994-08-27,0.1564,0.130825,0.1920571,0.1767286,3.24,300.364285714,300.535714286,295.931428571,302.7,298.5,11.56,76.92,3.24,17.3385714286,2.64285714286,28.5714285714,6.7,32.8,24.4,4.3
sj,1994,35,1994-09-03,0.02185,0.14525,0.2137857,0.2040857,59.91,300.392857143,300.535714286,296.295714286,302.7,298.7,20.24,78.4828571429,59.91,17.7057142857,2.52857142857,29.4285714286,6.88571428571,33.9,25.6,11.0
sj,1994,36,1994-09-10,0.04585,0.076225,0.2916857,0.2479714,19.45,300.074285714,300.178571429,296.131428571,302.4,297.6,28.3,79.1385714286,19.45,17.5214285714,2.64285714286,29.2857142857,6.35714285714,33.3,24.4,14.4
sj,1994,37,1994-09-17,,,0.0955,0.192925,61.11,299.951428571,300.057142857,295.907142857,302.2,298.2,70.4,78.75,61.11,17.3057142857,2.45714285714,28.5571428571,6.9,34.4,23.9,50.8
sj,1994,38,1994-09-24,,,,,39.22,299.885714286,300.035714286,295.961428571,302.3,298.1,50.7,79.3142857143,39.22,17.3542857143,1.98571428571,28.3714285714,6.18571428571,32.2,24.4,34.3
sj,1994,39,1994-10-01,,,,,55.88,299.508571429,299.642857143,295.821428571,301.8,297.7,45.2,80.3728571429,55.88,17.2485714286,2.6,28.0142857143,6.7,33.9,23.3,31.5
sj,1994,40,1994-10-08,,,,,0.63,300.377142857,300.5,295.362857143,302.5,298.7,2.8,74.1171428571,0.63,16.7442857143,2.62857142857,28.7142857143,6.9,34.4,24.4,8.2
sj,1994,41,1994-10-15,,,,,16.7,299.638571429,299.621428571,295.481428571,302.9,297.8,40.8,78.2257142857,16.7,16.9,2.72857142857,28.3285714286,7.65714285714,35.0,23.9,39.2
sj,1994,42,1994-10-22,,,,,75.57,300.238571429,300.4,295.685714286,303.0,298.3,15.81,76.3485714286,75.57,17.1242857143,3.02857142857,28.5714285714,7.44285714286,35.0,23.9,5.4
sj,1994,43,1994-10-29,,,,,111.52,298.811428571,298.857142857,296.171428571,300.5,297.5,64.85,85.4171428571,111.52,17.6414285714,1.65714285714,27.6714285714,7.27142857143,32.8,23.3,39.2
sj,1994,44,1994-11-05,,,,,5.41,299.867142857,300.05,295.845714286,301.9,298.3,15.6,78.6857142857,5.41,17.2642857143,2.32857142857,28.1571428571,6.84285714286,32.2,24.4,1.9
sj,1994,45,1994-11-12,,,,,32.26,299.297142857,299.128571429,295.58,301.5,297.2,36.6,80.0957142857,32.26,16.9842857143,2.22857142857,27.3142857143,6.92857142857,31.7,22.2,54.5
sj,1994,46,1994-11-19,,,,,32.17,299.198571429,299.3,296.174285714,302.2,297.5,47.5,83.5842857143,32.17,17.6442857143,1.77142857143,27.2857142857,7.31428571429,32.8,22.2,47.5
sj,1994,47,1994-11-26,,,,,11.16,299.422857143,299.457142857,296.377142857,301.9,297.6,23.7,83.5028571429,11.16,17.8485714286,2.4,27.8571428571,7.6,33.9,23.3,49.3
sj,1994,48,1994-12-03,,,,,17.52,298.851428571,298.85,294.812857143,300.7,296.3,27.4,78.56,17.52,16.1785714286,2.1,26.8857142857,7.57142857143,31.7,21.1,35.9
sj,1994,49,1994-12-10,,,,,45.95,297.808571429,297.95,295.204285714,299.4,296.6,106.09,85.57,45.95,16.58,1.5,26.3714285714,6.18571428571,30.0,22.2,58.2
sj,1994,50,1994-12-17,,,,,0.0,298.624285714,298.742857143,293.938571429,300.5,297.2,16.5,75.4557142857,0.0,15.3271428571,2.28571428571,26.5857142857,7.47142857143,31.7,21.7,7.4
sj,1994,51,1994-12-24,,,,,0.0,298.581428571,298.692857143,294.211428571,300.6,296.9,12.2,76.9142857143,0.0,15.5957142857,2.72857142857,26.6428571429,8.18571428571,31.7,22.2,12.9
sj,1995,52,1995-01-01,0.2438,0.045,0.2152556,0.1947778,71.43,298.838571429,299.107142857,295.674285714,301.5,296.7,30.4,82.8671428571,71.43,17.0671428571,3.27142857143,27.3142857143,8.74285714286,32.8,22.2,9.2
sj,1995,1,1995-01-08,0.223075,0.2193333,0.2886167,0.2587429,0.0,297.33,297.4,292.734285714,300.1,294.7,12.5,75.8385714286,0.0,14.25,2.37142857143,25.7,7.68571428571,31.7,20.0,40.4
sj,1995,2,1995-01-15,,0.1416333,0.1755714,0.1716143,0.0,298.284285714,298.45,293.308571429,299.9,296.8,3.59,74.0471428571,0.0,14.6985714286,2.35714285714,25.7714285714,7.68571428571,30.0,21.7,10.5
sj,1995,3,1995-01-22,-0.1193,-0.0359,0.2122571,0.2293714,37.99,296.584285714,296.707142857,292.83,299.1,295.0,32.88,79.5528571429,37.99,14.2814285714,1.78571428571,24.7571428571,7.11428571429,28.9,20.0,29.0
sj,1995,4,1995-01-29,0.05175,0.1268,0.1772286,0.1340714,0.0,297.592857143,298.014285714,293.532857143,300.5,295.0,6.2,78.33,0.0,14.9471428571,3.62857142857,26.1285714286,9.04285714286,32.8,20.6,9.9
sj,1995,5,1995-02-05,,0.1449,0.21726,0.2099429,0.0,297.35,297.65,293.91,300.2,295.6,43.3,81.4042857143,0.0,15.2742857143,2.15714285714,25.5,7.28571428571,31.7,21.1,26.9
sj,1995,6,1995-02-12,0.03233333,0.059325,0.1748857,0.1713857,0.0,297.855714286,298.014285714,293.025714286,300.5,295.2,3.6,74.6557142857,0.0,14.46,3.8,26.0857142857,9.61428571429,32.8,20.0,0.0
sj,1995,7,1995-02-19,0.0614,,0.1753143,0.2123286,0.0,298.221428571,298.464285714,293.882857143,300.5,295.8,10.07,77.0214285714,0.0,15.2271428571,2.81428571429,26.6285714286,8.65714285714,32.2,20.6,2.8
sj,1995,8,1995-02-26,0.0935,0.06486667,0.1020143,0.1254143,0.0,297.508571429,297.514285714,293.132857143,299.4,295.9,29.08,76.6342857143,0.0,14.53,1.97142857143,25.9285714286,7.28571428571,31.7,21.7,29.5
sj,1995,9,1995-03-05,0.07355,0.06865,0.12292,0.10996,0.0,297.175714286,297.257142857,293.444285714,299.5,295.4,50.73,79.8171428571,0.0,14.8528571429,2.42857142857,25.2428571429,8.4,30.6,20.0,51.7
sj,1995,10,1995-03-12,0.14535,0.079575,0.1823429,0.1864857,0.0,297.081428571,297.278571429,293.811428571,299.4,295.2,36.42,82.0528571429,0.0,15.1914285714,2.07142857143,25.5,7.05714285714,30.0,21.1,16.9
sj,1995,11,1995-03-19,0.0739,0.1150667,0.1452,0.1547429,19.43,297.11,297.085714286,292.821428571,299.6,294.6,18.6,77.02,19.43,14.3042857143,2.05714285714,25.2571428571,6.75714285714,31.7,21.1,16.5
sj,1995,12,1995-03-26,0.031,0.23165,0.2074333,0.2497143,0.0,296.48,296.707142857,290.631428571,300.4,294.0,6.7,69.8614285714,0.0,12.4814285714,3.3,24.6285714286,8.41428571429,31.7,18.9,2.3
sj,1995,13,1995-04-02,0.19862,0.259575,0.24515,0.3054571,0.0,296.887142857,297.042857143,290.378571429,300.0,293.5,4.6,67.3642857143,0.0,12.3314285714,4.0,25.2428571429,7.75714285714,30.0,20.0,4.1
sj,1995,14,1995-04-09,,0.2494,0.2327857,0.2684143,0.0,297.665714286,297.921428571,292.555714286,300.9,294.6,0.0,73.4,0.0,14.1228571429,3.61428571429,25.9714285714,8.95714285714,32.8,19.4,0.0
sj,1995,15,1995-04-16,,0.03495,0.1719143,0.1489429,5.43,298.56,298.742857143,294.338571429,300.6,296.9,2.1,77.6057142857,5.43,15.7357142857,2.82857142857,27.2857142857,7.78571428571,32.8,22.8,0.0
sj,1995,16,1995-04-23,0.1017,0.1127,0.2601571,0.2366143,6.44,297.83,298.007142857,293.554285714,300.2,296.0,19.6,77.3214285714,6.44,15.01,2.61428571429,26.6571428571,7.3,32.8,21.1,72.0
sj,1995,17,1995-04-30,0.1281,0.150025,0.2205429,0.1873,0.0,297.511428571,297.685714286,292.1,300.2,295.8,2.7,71.9371428571,0.0,13.69,2.65714285714,26.3285714286,6.65714285714,31.1,21.7,1.0
sj,1995,18,1995-05-07,,0.1521,0.2145429,0.1579714,20.96,298.788571429,299.071428571,294.202857143,301.6,297.3,4.1,76.0728571429,20.96,15.6171428571,2.94285714286,27.8428571429,9.14285714286,34.4,22.2,2.8
sj,1995,19,1995-05-14,0.14345,0.1115,0.1990714,0.1708857,9.01,299.131428571,299.357142857,295.428571429,301.8,297.0,9.0,80.2614285714,9.01,16.8228571429,3.0,27.7714285714,7.3,34.4,22.8,29.7
sj,1995,20,1995-05-21,0.0363,0.096525,0.1664333,0.1605714,119.62,298.995714286,299.085714286,295.398571429,301.7,297.1,17.4,80.8657142857,119.62,16.7885714286,2.85714285714,26.9142857143,6.27142857143,31.1,21.7,101.6
sj,1995,21,1995-05-28,0.0322,0.1621333,0.2318286,0.2402714,204.62,299.454285714,299.578571429,295.994285714,301.7,297.3,17.3,81.4471428571,204.62,17.4128571429,2.32857142857,27.2285714286,7.34285714286,31.7,22.2,97.5
sj,1995,22,1995-06-04,,0.2412,0.1024714,0.1095714,178.89,299.602857143,299.607142857,295.992857143,302.0,298.1,20.33,80.7271428571,178.89,17.4114285714,1.95714285714,27.7,7.32857142857,33.3,23.3,9.1
sj,1995,23,1995-06-11,0.15495,0.0278,0.2666143,0.2119,106.04,298.688571429,298.65,295.827142857,300.2,297.5,86.8,84.3457142857,106.04,17.2171428571,1.64285714286,27.3,7.14285714286,31.1,22.8,35.5
sj,1995,24,1995-06-18,0.08955,0.0797,0.1817143,0.1559857,20.16,299.828571429,299.9,295.892857143,301.4,298.4,16.57,79.1371428571,20.16,17.2957142857,2.31428571429,27.7714285714,7.47142857143,32.8,22.8,43.5
sj,1995,25,1995-06-25,0.22135,0.2174,0.2199714,0.1920429,26.56,300.115714286,300.142857143,296.625714286,302.3,298.2,35.24,81.34,26.56,18.0528571429,2.0,28.8428571429,7.37142857143,33.3,24.4,10.5
sj,1995,26,1995-07-02,0.2319333,0.2115,0.2412286,0.2656857,2.04,300.68,300.807142857,296.741428571,302.7,298.7,13.7,79.38,2.04,18.2071428571,2.75714285714,29.2142857143,6.34285714286,33.9,24.4,15.8
sj,1995,27,1995-07-09,0.3093,0.2909,0.2370571,0.2420429,41.18,301.007142857,301.092857143,296.145714286,303.2,298.6,9.22,75.0657142857,41.18,17.5657142857,3.04285714286,29.6571428571,7.82857142857,34.4,25.0,16.0
sj,1995,28,1995-07-16,,0.17265,0.24245,0.2196714,25.89,299.944285714,299.978571429,296.582857143,302.0,298.5,60.59,81.96,25.89,18.0128571429,1.95714285714,29.2857142857,7.6,34.4,24.4,21.4
sj,1995,29,1995-07-23,0.1175,0.10775,0.1555714,0.1664857,36.58,300.401428571,300.664285714,296.848571429,302.8,299.0,38.3,81.09,36.58,18.3542857143,2.72857142857,29.2285714286,7.3,33.9,25.0,30.6
sj,1995,30,1995-07-30,,0.1898,0.0942,0.1322286,101.64,299.988571429,299.957142857,297.244285714,302.3,298.6,62.31,85.0885714286,101.64,18.7771428571,1.6,28.5571428571,6.57142857143,33.3,23.9,43.3
sj,1995,31,1995-08-06,0.0632,0.09466667,0.1584857,0.2030286,60.71,300.0,300.0,297.11,302.5,298.4,102.4,84.3757142857,60.71,18.6728571429,2.08571428571,28.7,6.75714285714,33.9,23.9,30.1
sj,1995,32,1995-08-13,0.047,0.047,0.1991833,0.1653571,19.79,300.262857143,300.285714286,296.558571429,302.4,298.6,40.3,80.3971428571,19.79,18.0428571429,2.14285714286,29.0,6.81428571429,33.9,23.3,27.3
sj,1995,33,1995-08-20,0.08396667,0.0917,0.1771571,0.1886714,4.05,300.554285714,300.685714286,297.27,303.8,298.2,17.7,82.6257142857,4.05,18.8571428571,3.34285714286,30.0714285714,6.94285714286,34.4,25.6,8.7
sj,1995,34,1995-08-27,0.1131,0.0862,0.1374,0.1324714,75.11,299.952857143,299.985714286,296.887142857,301.9,298.1,96.1,83.4914285714,75.11,18.4042857143,2.11428571429,28.4285714286,7.65714285714,33.3,23.3,66.0
sj,1995,35,1995-09-03,0.0326,0.07256667,0.17236,0.1968143,35.83,300.174285714,300.242857143,296.85,302.4,298.5,55.21,82.2257142857,35.83,18.3971428571,2.22857142857,29.1142857143,5.92857142857,32.2,24.4,12.8
sj,1995,36,1995-09-10,0.1071,0.1836,0.18515,0.1699571,20.23,301.218571429,301.35,296.994285714,303.9,298.2,8.6,78.1457142857,20.23,18.5457142857,3.7,29.5714285714,7.91428571429,34.4,23.9,20.4
sj,1995,37,1995-09-17,0.0568,0.0546,0.1436857,0.1392,40.29,300.21,300.2,297.051428571,302.2,298.1,122.7,82.9114285714,40.29,18.63,2.37142857143,29.3714285714,7.44285714286,35.0,24.4,77.1
sj,1995,38,1995-09-24,0.1186333,0.0846,0.1810167,0.2176167,121.4,300.067142857,300.135714286,296.964285714,302.5,298.3,82.5,83.3142857143,121.4,18.5285714286,2.44285714286,29.5857142857,6.91428571429,35.6,25.0,71.2
sj,1995,39,1995-10-01,0.1068,0.08366667,0.092,0.09934286,36.72,300.155714286,300.207142857,296.771428571,301.8,298.7,11.6,81.8542857143,36.72,18.2542857143,1.9,29.9571428571,7.28571428571,34.4,25.6,13.3
sj,1995,40,1995-10-08,0.2808,0.2151,0.1463429,0.1295571,68.18,299.781428571,299.728571429,296.66,301.9,297.2,74.5,83.1357142857,68.18,18.1457142857,2.28571428571,28.0571428571,6.77142857143,32.2,23.9,45.6
sj,1995,41,1995-10-15,0.040825,0.0966,0.1316,0.1375429,45.63,299.54,299.564285714,296.634285714,301.4,298.0,53.98,84.2071428571,45.63,18.1385714286,1.81428571429,28.3857142857,6.92857142857,32.2,24.4,19.1
sj,1995,42,1995-10-22,0.033625,0.09466,0.09144286,0.1194429,55.67,299.794285714,299.842857143,296.161428571,301.8,297.8,40.8,80.6642857143,55.67,17.6214285714,2.02857142857,27.8428571429,7.17142857143,33.9,23.3,39.1
sj,1995,43,1995-10-29,,0.1326,0.1581857,0.1374429,54.74,299.441428571,299.421428571,296.337142857,301.8,297.6,46.4,83.2142857143,54.74,17.8471428571,2.38571428571,27.4714285714,7.25714285714,32.2,23.3,53.6
sj,1995,44,1995-11-05,0.2346,0.07825,0.2700714,0.2854286,30.3,299.772857143,299.942857143,296.17,302.3,298.1,40.4,80.8642857143,30.3,17.67,3.0,28.0428571429,7.64285714286,33.9,23.3,13.5
sj,1995,45,1995-11-12,0.0174,0.02905,0.2089143,0.2354857,0.0,299.097142857,299.285714286,295.22,301.1,297.5,32.4,79.4042857143,0.0,16.6042857143,1.91428571429,27.2285714286,6.87142857143,31.7,23.3,53.6
sj,1995,46,1995-11-19,0.0406,0.07475,0.19625,0.1903429,24.86,299.622857143,299.807142857,295.37,301.9,297.8,9.9,77.6385714286,24.86,16.77,2.55714285714,27.1571428571,7.18571428571,31.1,22.8,2.8
sj,1995,47,1995-11-26,0.0334,0.1148667,0.2400143,0.2549,90.49,299.275714286,299.4,295.14,301.4,297.7,12.7,78.1414285714,90.49,16.5414285714,2.22857142857,27.3142857143,7.31428571429,32.2,22.8,5.9
sj,1995,48,1995-12-03,,0.076375,0.2411714,0.1688714,20.21,299.452857143,299.55,295.837142857,301.4,298.0,13.69,80.6771428571,20.21,17.2571428571,2.07142857143,27.2,7.54285714286,33.3,22.8,13.5
sj,1995,49,1995-12-10,0.1154,0.135,0.2653,0.2371143,0.0,299.201428571,299.4,294.687142857,300.8,297.6,12.8,76.3328571429,0.0,16.0657142857,2.25714285714,27.0142857143,7.65714285714,31.1,22.2,14.9
sj,1995,50,1995-12-17,-0.0139,0.01473333,0.1795,0.1348,0.0,298.461428571,298.578571429,294.731428571,300.3,297.4,23.6,79.9857142857,0.0,16.1057142857,1.84285714286,26.6142857143,7.08571428571,30.6,22.2,20.9
sj,1995,51,1995-12-24,,0.03596667,0.1808571,0.1116571,0.0,298.194285714,298.221428571,293.971428571,300.1,296.5,40.3,77.6371428571,0.0,15.3714285714,1.7,25.7142857143,5.85714285714,30.0,22.2,53.9
